










PRD001,Clio,Renault,Automobile
PRD002,Megane,Renault,Automobile
PRD003,Punto,Fiat,Automobile
PRD004,Panda,Fiat,Automobile
PRD005,Corail,Bombardier,Train
PRD006,TGV,Alstom,Train
PRD007,A310,EADS,Avion
PRD008,A320,EADS,Avion
PRD008,A320,John deere,Tracteur
PRD009,777,Boeing,Avion
PRD001,Clio,Renault,Automobile
PRD002,Megane,Renault,Automobile
PRD003,Punto,Fiat,Automobile
PRD004,Panda,Fiat,Automobile
PRD005,Corail,Bombardier,Train
PRD006,TGV,Alstom,Train
PRD007,A310,EADS,Avion
PRD008,A320,EADS,Avion
PRD008,A320,John deere,Tracteur
PRD009,777,Boeing,Avion
PRD001,Clio,Renault,Automobile
PRD002,Megane,Renault,Automobile
PRD003,Punto,Fiat,Automobile
PRD004,Panda,Fiat,Automobile
PRD005,Corail,Bombardier,Train
PRD006,TGV,Alstom,Train
PRD007,A310,EADS,Avion
PRD008,A320,EADS,Avion
PRD008,A320,John deere,Tracteur
PRD009,777,Boeing,Avion
